,id,domain,latency1,latency2,latency3,latency4
0,1,google.com,4.58812713623,1.94191932678,2.92897224426,2.25114822388
1,2,netflix.com,4.0910243988,1.97005271912,2.09593772888,1.99890136719
2,3,api-global.netflix.com,4.11295890808,1.8630027771,1.98101997375,1.8310546875
3,4,www.google.com,4.13107872009,1.89185142517,2.06708908081,1.77192687988
4,5,microsoft.com,4.01401519775,1.74880027771,1.99890136719,1.84893608093
5,6,facebook.com,3.95083427429,1.73783302307,1.80101394653,1.8470287323
6,7,doubleclick.net,4.13417816162,1.708984375,1.73306465149,1.73592567444
7,8,g.doubleclick.net,4.09817695618,1.74593925476,1.86514854431,1.81198120117
8,9,googleads.g.doubleclick.net,4.11605834961,1.75499916077,2.25901603699,1.98411941528
9,10,google-analytics.com,4.11701202393,1.75285339355,2.02798843384,1.77884101868
10,11,clients4.google.com,4.15897369385,1.76787376404,1.87015533447,1.83200836182
11,12,safebrowsing.googleapis.com,4.04787063599,1.76596641541,1.86491012573,1.84512138367
12,13,ichnaea.netflix.com,4.2130947113,1.71184539795,1.79696083069,1.82390213013
13,14,www.googleapis.com,4.23002243042,1.76882743835,1.90591812134,1.87587738037
14,15,www.facebook.com,4.06193733215,1.73783302307,2.06422805786,1.74188613892
15,16,fonts.googleapis.com,4.10103797913,1.75499916077,1.91497802734,1.89089775085
16,17,apple.com,4.06098365784,1.71804428101,1.87802314758,1.78480148315
17,18,www.google-analytics.com,4.12702560425,1.69396400452,2.1550655365,1.86085700989
18,19,googleusercontent.com,4.16302680969,1.74713134766,1.79600715637,1.8310546875
19,20,youtube.com,4.34112548828,1.73592567444,1.78098678589,1.87301635742
20,21,data.microsoft.com,4.46319580078,1.68609619141,1.78694725037,1.79290771484
21,22,hola.org,4.19998168945,1.73497200012,1.76596641541,1.88708305359
22,23,googleadservices.com,4.28009033203,1.78289413452,1.89208984375,2.20084190369
23,24,dns-test1.hola.org,4.16612625122,1.78813934326,1.89709663391,1.89399719238
24,25,live.com,4.14109230042,1.61218643188,1.86491012573,1.66702270508
25,26,googlesyndication.com,4.23002243042,1.81603431702,1.93405151367,1.85203552246
26,27,clientservices.googleapis.com,4.29105758667,1.80792808533,1.86085700989,1.9359588623
27,28,graph.facebook.com,4.1401386261,1.7511844635,1.8310546875,1.81984901428
28,29,fbcdn.net,4.15515899658,1.74689292908,1.85799598694,1.75309181213
29,30,amazonaws.com,4.20808792114,1.78694725037,1.83296203613,1.79505348206
30,31,www.googleadservices.com,4.37307357788,1.7991065979,1.78909301758,1.91497802734
31,32,settings-win.data.microsoft.com,4.33897972107,1.75595283508,1.78694725037,1.95908546448
32,33,www.youtube.com,4.32801246643,1.79314613342,1.79386138916,1.80101394653
33,34,pagead2.googlesyndication.com,4.09889221191,1.73902511597,1.82604789734,1.81293487549
34,35,clients1.google.com,4.075050354,1.79886817932,1.86204910278,1.81412696838
35,36,accounts.google.com,4.04596328735,1.82104110718,1.71613693237,1.8298625946
36,37,ytimg.com,4.06289100647,1.82890892029,1.77001953125,1.78503990173
37,38,bing.com,3.99088859558,1.797914505,1.82795524597,1.80292129517
38,39,xx.fbcdn.net,4.02498245239,1.70397758484,1.80196762085,1.72400474548
39,40,apis.google.com,4.02903556824,1.83796882629,1.69801712036,1.84488296509
40,41,yahoo.com,3.98421287537,1.83010101318,1.75786018372,1.90401077271
41,42,adservice.google.com,4.16302680969,1.91688537598,1.78098678589,1.83486938477
42,43,update.googleapis.com,4.15396690369,1.88803672791,1.80101394653,1.73592567444
43,44,facebook.net,4.04119491577,1.76310539246,1.71399116516,1.78194046021
44,45,connect.facebook.net,4.22382354736,1.87397003174,2.12001800537,1.98602676392
45,46,play.google.com,4.22692298889,1.8310546875,1.72305107117,1.8310546875
46,47,akamaiedge.net,4.00686264038,1.80387496948,1.71303749084,1.85108184814
47,48,i.ytimg.com,4.23884391785,1.75404548645,1.76811218262,1.81198120117
48,49,mtalk.google.com,4.2359828949,1.74498558044,1.76095962524,1.87706947327
49,50,akadns.net,4.19282913208,1.82390213013,1.84392929077,1.83701515198
50,51,twitter.com,4.08387184143,1.81198120117,1.68919563293,1.74689292908
51,52,stats.g.doubleclick.net,4.31609153748,1.83010101318,1.75309181213,1.77502632141
52,53,tpc.googlesyndication.com,4.36806678772,1.81984901428,1.84011459351,1.81698799133
53,54,lh3.googleusercontent.com,4.21285629272,1.84607505798,1.7409324646,1.92284584045
54,55,icloud.com,4.34589385986,1.87587738037,1.76787376404,1.78599357605
55,56,com.akadns.net,4.25696372986,1.80101394653,1.68704986572,1.82390213013
56,57,scorecardresearch.com,4.2610168457,1.79696083069,1.81198120117,1.77812576294
57,58,securepubads.g.doubleclick.net,4.33897972107,1.85084342957,1.71399116516,1.87015533447
58,59,www.apple.com,4.13703918457,1.78694725037,1.73997879028,1.84512138367
59,60,play.googleapis.com,4.23288345337,1.81102752686,1.64198875427,1.82414054871
60,61,clients.google.com,4.28509712219,1.82294845581,1.82509422302,1.8138885498
61,62,msn.com,4.17304039001,1.79219245911,1.75380706787,1.81889533997
62,63,vortex-win.data.microsoft.com,4.30297851562,1.788854599,1.80101394653,1.81698799133
63,64,adnxs.com,4.38904762268,1.7671585083,1.77097320557,1.81603431702
64,65,ssl.google-analytics.com,4.35590744019,1.74808502197,1.82819366455,1.85394287109
65,66,android.clients.google.com,6.04891777039,1.90114974976,1.77407264709,1.80792808533
66,67,itunes.apple.com,4.06694412231,1.80697441101,1.72519683838,1.80411338806
67,68,symcd.com,4.13513183594,1.82318687439,1.9199848175,1.84893608093
68,69,crl.microsoft.com,4.17518615723,1.93786621094,1.86991691589,1.81603431702
69,70,push.apple.com,4.06694412231,1.68514251709,1.90806388855,1.7991065979
70,71,l.google.com,4.06002998352,1.78813934326,1.86681747437,1.8138885498
71,72,officeapps.live.com,4.16803359985,1.75404548645,1.93881988525,1.81698799133
72,73,ggpht.com,4.17709350586,1.74403190613,1.99294090271,1.80292129517
73,74,cm.g.doubleclick.net,4.27913665771,1.81412696838,1.90591812134,1.88016891479
74,75,clients2.google.com,4.22310829163,1.8298625946,1.82485580444,1.79600715637
75,76,ipv6.microsoft.com,4.17399406433,1.82890892029,1.75213813782,1.78003311157
76,77,instagram.com,4.58884239197,1.76405906677,1.76095962524,1.80697441101
77,78,2mdn.net,4.19807434082,1.78384780884,1.80506706238,1.74188613892
78,79,googlevideo.com,4.17804718018,1.80292129517,1.8150806427,1.66296958923
79,80,secure.netflix.com,4.37092781067,1.7569065094,1.79004669189,1.81818008423
80,81,googletagmanager.com,4.43482398987,1.89185142517,1.82509422302,1.91617012024
81,82,www.googletagmanager.com,4.24695014954,1.80292129517,1.75595283508,1.8630027771
82,83,ajax.googleapis.com,4.27508354187,1.79004669189,1.80292129517,1.79100036621
83,84,ad.doubleclick.net,4.27794456482,1.6770362854,1.76692008972,1.92809104919
84,85,notifications.google.com,4.21094894409,1.81198120117,1.8458366394,1.98793411255
85,86,s0.2mdn.net,4.23812866211,1.89280509949,1.71709060669,1.94001197815
86,87,skype.com,4.0020942688,1.74403190613,1.80912017822,1.90305709839
87,88,edge-mqtt.facebook.com,4.16398048401,1.7421245575,1.77812576294,1.90901756287
88,89,apple-dns.net,4.18519973755,1.75499916077,1.78599357605,1.85799598694
89,90,clients3.google.com,4.41694259644,1.75285339355,1.80602073669,1.73115730286
90,91,fe.apple-dns.net,4.31609153748,1.80101394653,1.75595283508,1.80506706238
91,92,crashlytics.com,4.32300567627,1.82199478149,1.8630027771,1.80292129517
92,93,rubiconproject.com,4.23979759216,1.79219245911,1.83510780334,1.91402435303
93,94,nrdp50-appboot.netflix.com,4.19998168945,1.76906585693,1.90091133118,1.91617012024
94,95,v10.vortex-win.data.microsoft.com,4.25481796265,1.7511844635,1.86395645142,1.82700157166
95,96,googletagservices.com,4.34279441833,1.71399116516,1.81579589844,1.81102752686
96,97,www.googletagservices.com,4.25386428833,1.73592567444,1.7991065979,1.77907943726
97,98,digicert.com,4.34994697571,1.85394287109,1.69897079468,1.93095207214
98,99,translate.googleapis.com,4.33301925659,1.7511844635,1.80792808533,1.85799598694
99,100,ls.apple.com,4.25410270691,1.86204910278,1.72805786133,1.83987617493
100,101,login.live.com,4.33802604675,1.72281265259,1.83796882629,1.81698799133
101,102,msedge.net,4.12893295288,1.74617767334,1.75595283508,1.76095962524
102,103,moatads.com,4.23216819763,1.67489051819,1.70612335205,1.75595283508
103,104,sb.scorecardresearch.com,4.18519973755,1.86991691589,1.74498558044,1.76191329956
104,105,msftncsi.com,4.2359828949,1.70707702637,1.80506706238,1.8208026886
105,106,advertising.com,4.21595573425,1.71899795532,1.92594528198,1.77407264709
106,107,bluekai.com,4.25004959106,1.72114372253,1.83296203613,1.82485580444
107,108,www.bing.com,4.20904159546,1.69992446899,1.76000595093,1.74903869629
108,109,demdex.net,4.21714782715,1.73687934875,1.75714492798,1.76310539246
109,110,time-ios.apple.com,4.12797927856,1.87301635742,1.76882743835,1.83510780334
110,111,www.icloud.com,4.77504730225,1.76382064819,1.74903869629,1.92594528198
111,112,nexusrules.officeapps.live.com,4.18090820312,1.73497200012,1.89185142517,1.89518928528
112,113,adsrvr.org,4.04095649719,1.72996520996,1.80411338806,1.77311897278
113,114,nexus.officeapps.live.com,4.15015220642,1.7352104187,1.89781188965,1.84488296509
114,115,ogs.google.com,4.25720214844,1.77884101868,1.79815292358,1.78003311157
115,116,casalemedia.com,4.20308113098,1.81102752686,1.74903869629,1.81078910828
116,117,ocsp.digicert.com,4.0590763092,1.88899040222,2.18987464905,1.79481506348
117,118,init-p01st.push.apple.com,4.04500961304,1.76095962524,1.84321403503,1.82890892029
118,119,ntp.org,3.99708747864,1.74498558044,1.85894966125,1.83296203613
119,120,pool.ntp.org,4.16588783264,1.76692008972,1.78408622742,1.89805030823
120,121,staticxx.facebook.com,3.94701957703,1.90401077271,1.77001953125,1.85012817383
121,122,criteo.com,3.95584106445,1.77192687988,1.81412696838,1.76596641541
122,123,office365.com,3.92985343933,1.79004669189,1.75189971924,1.83606147766
123,124,scontent.xx.fbcdn.net,4.01496887207,1.78503990173,1.84392929077,1.79982185364
124,125,openx.net,3.91101837158,1.77907943726,1.73592567444,1.84798240662
125,126,mathtag.com,3.80301475525,1.75094604492,1.788854599,1.87087059021
126,127,ib.adnxs.com,3.85117530823,1.76191329956,1.87706947327,1.83510780334
127,128,everesttech.net,3.92580032349,1.83391571045,1.88302993774,1.81102752686
128,129,akamai.net,4.14705276489,1.80792808533,1.74713134766,1.82700157166
129,130,aaplimg.com,4.19688224792,1.74593925476,1.83296203613,1.75499916077
130,131,g.aaplimg.com,4.0910243988,1.80816650391,1.85489654541,1.79004669189
131,132,weather.microsoft.com,4.11701202393,1.8138885498,1.81698799133,1.82294845581
132,133,dpm.demdex.net,4.14299964905,1.83010101318,1.81698799133,1.80506706238
133,134,rlcdn.com,4.19211387634,1.77097320557,1.88994407654,1.78694725037
134,135,tags.bluekai.com,4.02021408081,1.80292129517,1.81913375854,1.7569065094
135,136,dsce9.akamaiedge.net,4.25481796265,1.82008743286,1.82199478149,1.82700157166
136,137,match.adsrvr.org,4.00805473328,1.84106826782,1.78480148315,1.7831325531
137,138,e6858.dsce9.akamaiedge.net,4.28700447083,1.84297561646,1.88302993774,1.85084342957
138,139,mail.google.com,4.17017936707,1.75905227661,1.84488296509,1.87206268311
139,140,twimg.com,4.08101081848,1.81102752686,1.8458366394,1.80506706238
140,141,bidswitch.net,4.05812263489,1.90901756287,1.72400474548,1.84011459351
141,142,settings.crashlytics.com,4.2028427124,1.8789768219,1.79409980774,1.95002555847
142,143,pixel.rubiconproject.com,4.0328502655,1.79696083069,1.84679031372,1.85108184814
143,144,agkn.com,4.00114059448,1.78480148315,1.80006027222,1.80315971375
144,145,x.bidswitch.net,4.06408309937,1.83987617493,1.75094604492,1.77311897278
145,146,clients6.google.com,4.15992736816,1.88207626343,1.93309783936,1.90591812134
146,147,addthis.com,4.05621528625,1.81484222412,1.77311897278,1.99699401855
147,148,a.akamaiedge.net,4.06694412231,1.70111656189,1.79004669189,1.8630027771
148,149,aria.microsoft.com,4.07600402832,1.79195404053,1.76692008972,1.9109249115
149,150,pipe.aria.microsoft.com,4.56500053406,2.0489692688,1.81007385254,1.78003311157
150,151,init.itunes.apple.com,4.01496887207,1.89304351807,1.84011459351,1.77097320557
151,152,cloudflare.com,3.96490097046,1.80196762085,1.80983543396,1.72805786133
152,153,whatsapp.net,4.04906272888,1.80602073669,1.79409980774,1.74784660339
153,154,pubads.g.doubleclick.net,4.11105155945,1.83701515198,1.71804428101,1.72901153564
154,155,idsync.rlcdn.com,4.04191017151,1.90782546997,1.88088417053,1.70707702637
155,156,edge.skype.com,4.0180683136,1.85084342957,1.80196762085,1.78599357605
156,157,c10r.facebook.com,4.26602363586,1.93786621094,1.81603431702,1.80411338806
157,158,clients5.google.com,4.28915023804,1.88803672791,1.75094604492,1.69110298157
158,159,quantserve.com,4.15682792664,1.82390213013,1.89614295959,1.74307823181
159,160,platform.twitter.com,4.14514541626,1.81913375854,1.82580947876,1.67202949524
160,161,googleads4.g.doubleclick.net,3.95202636719,1.82700157166,1.77121162415,1.92904472351
161,162,cdnjs.cloudflare.com,4.03189659119,1.85418128967,1.84106826782,1.87182426453
162,163,dns.msftncsi.com,3.98802757263,1.85704231262,1.81889533997,1.68800354004
163,164,us-u.openx.net,4.18615341187,1.83486938477,1.86395645142,1.72090530396
164,165,nflximg.com,4.21094894409,1.81889533997,1.82104110718,1.73306465149
165,166,mp.microsoft.com,4.07600402832,1.85298919678,1.76095962524,1.74403190613
166,167,comodoca.com,4.11200523376,1.84988975525,1.78909301758,1.73497200012
167,168,pubmatic.com,3.9119720459,1.86586380005,1.84512138367,1.80101394653
168,169,outlook.office365.com,4.0431022644,1.86491012573,1.79505348206,1.84798240662
169,170,windowsupdate.com,3.94606590271,1.85990333557,1.71399116516,1.75404548645
170,171,configuration.apple.com,4.07314300537,1.81603431702,1.75309181213,1.76191329956
171,172,outlook.com,4.10199165344,1.79195404053,1.75189971924,1.66702270508
172,173,yt3.ggpht.com,4.08101081848,1.82700157166,1.8048286438,1.66606903076
173,174,amazon-adsystem.com,4.04810905457,1.80101394653,1.82485580444,1.69801712036
174,175,tile-service.weather.microsoft.com,4.15301322937,1.74188613892,1.91307067871,1.86085700989
175,176,app-measurement.com,4.36997413635,1.8458366394,1.95717811584,1.79505348206
176,177,mookie1.com,4.06718254089,1.79886817932,1.83391571045,1.73306465149
177,178,s.ytimg.com,4.19497489929,1.69897079468,1.91307067871,1.71804428101
178,179,nccp.netflix.com,4.0488243103,1.77192687988,1.8138885498,1.77979469299
179,180,customerevents.netflix.com,5.43689727783,1.82104110718,1.797914505,1.65104866028
180,181,static.xx.fbcdn.net,4.36496734619,1.80888175964,1.75499916077,1.74689292908
181,182,adobe.com,4.18591499329,1.77693367004,1.82485580444,1.71804428101
182,183,taboola.com,4.30798530579,1.78813934326,1.79886817932,1.70993804932
183,184,static.doubleclick.net,4.18281555176,1.9109249115,1.71113014221,1.797914505
184,185,cdn-0.nflximg.com,4.6010017395,1.80101394653,1.82795524597,1.78408622742
185,186,amazon.com,4.13298606873,1.78909301758,1.87802314758,1.69610977173
186,187,tapad.com,4.07099723816,2.17604637146,1.73592567444,1.70302391052
187,188,sync.mathtag.com,4.13203239441,1.81889533997,1.73616409302,1.69897079468
188,189,xp.apple.com,4.25910949707,1.77907943726,1.77407264709,1.78718566895
189,190,graph.instagram.com,4.15587425232,1.77597999573,1.76501274109,1.87015533447
190,191,fna.fbcdn.net,4.09698486328,1.86681747437,1.80292129517,1.71899795532
191,192,onenote.net,3.96203994751,1.797914505,1.79982185364,1.71184539795
192,193,secure.adnxs.com,4.10890579224,1.75499916077,2.09999084473,1.70493125916
193,194,cdn.onenote.net,4.15205955505,1.87516212463,1.96194648743,1.75309181213
194,195,e.crashlytics.com,3.97205352783,1.84512138367,1.91903114319,1.74403190613
195,196,windows.net,3.97896766663,1.92093849182,1.88112258911,1.73592567444
196,197,krxd.net,3.90791893005,1.77907943726,1.97720527649,1.76095962524
197,198,windows.com,3.821849823,1.83391571045,2.01201438904,1.74117088318
198,199,adsafeprotected.com,3.91697883606,1.82199478149,1.91307067871,1.74999237061
199,200,akamaihd.net,4.05788421631,1.96409225464,1.88207626343,1.72305107117
200,201,turn.com,3.96990776062,1.83391571045,1.87182426453,1.61600112915
201,202,z.moatads.com,4.01997566223,1.76286697388,1.81102752686,1.61385536194
202,203,config.edge.skype.com,3.97109985352,1.81984901428,1.83010101318,1.61194801331
203,204,d.agkn.com,4.23002243042,1.82509422302,1.78289413452,1.66320800781
204,205,adsymptotic.com,4.065990448,1.78909301758,1.83820724487,1.63912773132
205,206,update.microsoft.com,4.07004356384,1.83820724487,1.86491012573,1.67679786682
206,207,nrdp.nccp.netflix.com,3.9529800415,1.84988975525,1.77502632141,1.64008140564
207,208,nr-data.net,3.90005111694,1.76191329956,1.8150806427,1.71113014221
208,209,bam.nr-data.net,3.89194488525,1.90806388855,1.84893608093,1.92904472351
209,210,imrworldwide.com,3.9210319519,1.81293487549,1.78503990173,1.66201591492
210,211,guzzoni.apple.com,3.82590293884,1.79409980774,1.7249584198,1.7409324646
211,212,aa.agkn.com,3.7579536438,1.78003311157,1.77407264709,1.6770362854
212,213,mqtt-mini.facebook.com,3.82494926453,1.83391571045,1.85799598694,1.69801712036
213,214,gmail.com,3.91912460327,1.91402435303,1.85298919678,1.69491767883
214,215,smoot.apple.com,4.04500961304,1.81794166565,1.87182426453,1.73997879028
215,216,rfihub.com,3.92913818359,1.76286697388,1.77597999573,1.71804428101
216,217,p.adsymptotic.com,4.01210784912,1.79505348206,1.80697441101,1.75094604492
217,218,pixel.advertising.com,4.03118133545,1.87110900879,1.89185142517,1.78503990173
218,219,e4478.a.akamaiedge.net,4.14299964905,1.79505348206,1.86491012573,1.7101764679
219,220,syndication.twitter.com,4.07791137695,1.76191329956,1.75499916077,1.7352104187
220,221,lh5.googleusercontent.com,3.89719009399,1.80101394653,1.83796882629,1.74593925476
221,222,linkedin.com,3.83710861206,1.7569065094,1.80697441101,1.70302391052
222,223,criteo.net,3.79991531372,1.90997123718,1.88493728638,1.69801712036
223,224,teredo.ipv6.microsoft.com,3.99684906006,1.79100036621,1.83010101318,1.78813934326
224,225,serving-sys.com,4.14514541626,1.70993804932,1.71303749084,1.68800354004
225,226,cms.msn.com,3.77106666565,1.79886817932,1.86085700989,1.67012214661
226,227,prod.cms.msn.com,4.02402877808,1.75213813782,1.90997123718,1.61004066467
227,228,btrll.com,4.14776802063,1.83296203613,1.77597999573,1.69706344604
228,229,px.moatads.com,4.17304039001,1.76095962524,1.73687934875,1.72901153564
229,230,content.prod.cms.msn.com,4.05693054199,1.83320045471,1.83987617493,1.71303749084
230,231,cdn.content.prod.cms.msn.com,4.01091575623,1.8630027771,1.70803070068,1.65009498596
231,232,gsp64-ssl.ls.apple.com,4.0807723999,1.83892250061,1.79100036621,1.72305107117
232,233,e9.akamaiedge.net,4.02808189392,1.788854599,1.73497200012,1.68800354004
233,234,gs-loc.apple.com,3.81588935852,1.86395645142,1.81007385254,1.75309181213
234,235,pinterest.com,3.65900993347,1.81293487549,1.79195404053,1.74903869629
235,236,go.microsoft.com,3.80420684814,1.73807144165,1.69491767883,1.66392326355
236,237,pki.google.com,3.89003753662,1.7991065979,1.89900398254,1.79719924927
237,238,p.rfihub.com,4.16493415833,1.87492370605,1.81913375854,1.67608261108
238,239,stags.bluekai.com,3.87406349182,1.81484222412,1.9211769104,1.73187255859
239,240,newrelic.com,3.84402275085,1.78980827332,1.96599960327,1.74307823181
240,241,ads.yahoo.com,3.83305549622,1.80292129517,1.90305709839,1.64198875427
241,242,nflxso.net,3.81398200989,1.80697441101,1.95598602295,1.79815292358
242,243,ybp.yahoo.com,3.97610664368,1.84202194214,1.79386138916,1.75404548645
243,244,analytics.yahoo.com,4.02998924255,1.74808502197,1.84297561646,1.7671585083
244,245,beacon.krxd.net,3.78680229187,1.75595283508,1.71685218811,1.80292129517
245,246,adaptv.advertising.com,3.96800041199,1.81102752686,1.91187858582,1.71399116516
246,247,exelator.com,3.91912460327,1.72090530396,1.79481506348,1.78098678589
247,248,b-api.facebook.com,4.03690338135,1.74808502197,1.79600715637,1.6758441925
248,249,client-office365-tas.msedge.net,3.87907028198,1.88016891479,1.81198120117,1.7831325531
249,250,crwdcntrl.net,3.93319129944,1.73687934875,1.82104110718,1.7352104187
250,251,adform.net,3.87811660767,1.80697441101,1.86491012573,2.25591659546
251,252,geo-um.btrll.com,3.86095046997,1.81913375854,1.74999237061,1.92284584045
252,253,static.criteo.net,3.94916534424,1.82914733887,1.81698799133,1.90091133118
253,254,time-ios.g.aaplimg.com,4.07099723816,1.90186500549,1.77502632141,1.93786621094
254,255,docs.google.com,4.17494773865,1.77812576294,1.88803672791,1.7409324646
255,256,symcb.com,4.00304794312,1.81794166565,1.78694725037,1.78694725037
256,257,plus.google.com,4.06098365784,1.79290771484,1.78599357605,1.82008743286
257,258,1.nflxso.net,4.16493415833,1.8150806427,1.76501274109,1.75809860229
258,259,l.doubleclick.net,4.18186187744,2.19082832336,1.8630027771,1.77383422852
259,260,dt.adsafeprotected.com,4.23002243042,1.88112258911,1.84106826782,1.8470287323
260,261,spotxchange.com,4.54807281494,1.77407264709,1.72305107117,1.81198120117
261,262,search.spotxchange.com,4.19306755066,1.81293487549,1.82890892029,1.76811218262
262,263,us-east-1.elb.amazonaws.com,4.15396690369,1.75619125366,1.80697441101,1.71995162964
263,264,w55c.net,4.08792495728,1.77788734436,1.84106826782,1.72209739685
264,265,lh4.googleusercontent.com,4.17900085449,1.80602073669,1.84917449951,1.70803070068
265,266,pr-bh.ybp.yahoo.com,4.22692298889,1.81293487549,1.86085700989,1.72710418701
266,267,b.scorecardresearch.com,3.99422645569,1.8789768219,1.83606147766,1.72781944275
267,268,nexac.com,4.06694412231,1.797914505,1.83987617493,1.70207023621
268,269,c.bing.com,3.98898124695,1.71303749084,2.20203399658,1.76310539246
269,270,mmg-fna.whatsapp.net,4.05192375183,1.84798240662,1.7511844635,1.85704231262
270,271,gvt1.com,3.9849281311,1.79100036621,1.82199478149,1.78790092468
271,272,mobile.pipe.aria.microsoft.com,4.14395332336,1.78909301758,1.83200836182,1.6930103302
272,273,mesu.apple.com,3.87406349182,1.76000595093,1.84202194214,1.67298316956
273,274,pixel.quantserve.com,3.66687774658,1.92499160767,1.80697441101,1.65486335754
274,275,edgekey.net,3.7670135498,1.82509422302,1.89685821533,1.73115730286
275,276,contextweb.com,3.91602516174,1.85894966125,1.70993804932,1.7991065979
276,277,outbrain.com,4.59504127502,1.80697441101,1.71995162964,1.81102752686
277,278,client-channel.google.com,5.53202629089,1.81221961975,1.8470287323,1.66082382202
278,279,js-agent.newrelic.com,4.11701202393,1.88779830933,1.84988975525,1.71113014221
279,280,bs.serving-sys.com,4.0590763092,1.84106826782,1.84202194214,1.75595283508
280,281,dotomi.com,3.97300720215,1.8789768219,1.73616409302,1.70493125916
281,282,bcp.crwdcntrl.net,3.93295288086,1.82199478149,1.80792808533,1.77597999573
282,283,sync.search.spotxchange.com,3.89504432678,1.82104110718,1.83010101318,1.67608261108
283,284,pixel.tapad.com,4.01711463928,1.83010101318,1.86204910278,1.74593925476
284,285,opendns.com,4.03308868408,1.84106826782,1.76501274109,1.83796882629
285,286,atdmt.com,3.9598941803,1.76310539246,1.77788734436,1.76310539246
286,287,com.edgekey.net,3.76915931702,1.86896324158,1.78909301758,1.7671585083
287,288,trc.taboola.com,3.7670135498,1.78694725037,1.84607505798,1.69801712036
288,289,imap.gmail.com,3.8959980011,1.76095962524,1.72591209412,1.75595283508
289,290,pixel.adsafeprotected.com,4.06098365784,1.7728805542,1.71184539795,1.74784660339
290,291,odr.mookie1.com,3.8468837738,1.77884101868,1.797914505,1.87397003174
291,292,sync.adaptv.advertising.com,4.11486625671,1.8949508667,1.86109542847,1.73401832581
292,293,fastly.net,4.04500961304,1.82795524597,1.78790092468,1.73115730286
293,294,star.c10r.facebook.com,4.16612625122,1.89018249512,1.82795524597,1.75094604492
294,295,gateway.fe.apple-dns.net,4.17518615723,1.74188613892,1.86610221863,1.78599357605
295,296,sync-tm.everesttech.net,4.05383110046,1.82890892029,1.76405906677,1.74784660339
296,297,android.pool.ntp.org,4.154920578,1.86920166016,1.71399116516,1.71899795532
297,298,2.android.pool.ntp.org,4.14991378784,1.77383422852,1.79290771484,1.81603431702
298,299,gvt2.com,4.12917137146,1.79409980774,1.81889533997,1.75714492798
299,300,ctldl.windowsupdate.com,4.22787666321,1.8458366394,1.79505348206,1.75094604492
300,301,maps.googleapis.com,4.30393218994,1.78503990173,1.75404548645,1.78289413452
301,302,dropbox.com,4.18019294739,1.75786018372,1.76596641541,1.85990333557
302,303,b-graph.facebook.com,4.14395332336,1.83486938477,1.79505348206,1.80506706238
303,304,bootstrapcdn.com,4.31299209595,1.73401832581,1.8367767334,1.72185897827
304,305,sr.symcd.com,4.28509712219,1.76286697388,1.81579589844,1.74403190613
305,306,adtechus.com,4.22501564026,1.80006027222,1.77502632141,1.76906585693
306,307,lijit.com,4.24289703369,1.77192687988,1.83606147766,1.71303749084
307,308,bh.contextweb.com,4.27794456482,1.77192687988,1.82604789734,1.76119804382
308,309,doubleverify.com,4.08506393433,1.75499916077,1.87802314758,1.73902511597
309,310,gcp.gvt2.com,4.11081314087,1.76882743835,1.77097320557,1.70493125916
310,311,ls-apple.com.akadns.net,4.19902801514,1.79290771484,1.80697441101,1.69801712036
311,312,gsp-ssl.ls.apple.com,4.22692298889,1.85990333557,1.77812576294,1.66702270508
312,313,pixel.mathtag.com,4.1868686676,1.83510780334,1.86395645142,1.82604789734
313,314,imasdk.googleapis.com,4.14609909058,1.75094604492,1.82509422302,1.76787376404
314,315,storage.googleapis.com,4.14299964905,1.76310539246,1.74593925476,1.74903869629
315,316,youtubei.googleapis.com,4.12917137146,1.77407264709,1.85918807983,1.7728805542
316,317,beacons.gcp.gvt2.com,4.33301925659,1.79982185364,2.04300880432,1.86896324158
317,318,drive.google.com,4.04906272888,1.79004669189,1.7831325531,1.69992446899
318,319,akamaized.net,4.15897369385,1.88207626343,1.88302993774,1.68704986572
319,320,lh6.googleusercontent.com,4.20212745667,1.95288658142,1.84512138367,1.7261505127
320,321,pbs.twimg.com,4.11319732666,1.96599960327,1.78289413452,1.79004669189
321,322,fls.doubleclick.net,4.20212745667,1.85608863831,1.86491012573,1.74808502197
322,323,loadm.exelator.com,4.27317619324,1.8150806427,1.80292129517,1.77597999573
323,324,i9.ytimg.com,4.29081916809,1.7991065979,1.71494483948,1.86705589294
324,325,s.amazon-adsystem.com,4.30297851562,1.79505348206,1.81198120117,1.75595283508
325,326,itunes-apple.com.akadns.net,4.12821769714,1.92618370056,1.76692008972,1.77597999573
326,327,sitescout.com,4.02593612671,1.80292129517,1.83415412903,1.75905227661
327,328,wns.windows.com,4.05406951904,1.90591812134,1.79195404053,1.82509422302
328,329,dsx.mp.microsoft.com,4.15802001953,1.98197364807,1.79886817932,1.69801712036
329,330,1rx.io,4.08291816711,1.90997123718,1.72901153564,1.77979469299
330,331,googleapis.l.google.com,4.1081905365,1.89900398254,1.90997123718,1.7831325531
331,332,godaddy.com,4.06098365784,1.85894966125,1.87397003174,1.73807144165
332,333,pixel.everesttech.net,3.94892692566,1.8949508667,1.74403190613,1.73687934875
333,334,ocsp.comodoca.com,3.84306907654,1.90091133118,1.83987617493,1.78194046021
334,335,office.com,3.87692451477,1.89900398254,1.83200836182,1.64699554443
335,336,ssum-sec.casalemedia.com,3.91697883606,1.93309783936,1.87706947327,1.70493125916
336,337,smartadserver.com,3.74007225037,1.8150806427,1.83701515198,1.77717208862
337,338,nexage.com,3.74984741211,1.80411338806,1.80196762085,1.77001953125
338,339,roaming.officeapps.live.com,3.94988059998,1.85394287109,1.8138885498,1.71208381653
339,340,maxcdn.bootstrapcdn.com,3.99208068848,1.93405151367,1.92379951477,1.76119804382
340,341,fe2.update.microsoft.com,4.03094291687,1.85585021973,2.24685668945,1.71303749084
341,342,star-mini.c10r.facebook.com,3.80396842957,1.85799598694,1.76286697388,1.75905227661
342,343,ace.advertising.com,3.79204750061,1.80196762085,1.8470287323,1.77216529846
343,344,entrust.net,3.85212898254,1.79004669189,1.80196762085,1.76191329956
344,345,ocsp.entrust.net,3.91793251038,1.80912017822,1.8310546875,1.71494483948
345,346,c1.adform.net,4.19402122498,1.96099281311,1.80101394653,1.68514251709
346,347,icloud.com.akadns.net,4.12011146545,1.85203552246,1.83796882629,1.76095962524
347,348,ade.googlesyndication.com,4.145860672,1.94406509399,1.79100036621,1.77597999573
348,349,sync.1rx.io,4.09698486328,1.89995765686,1.73091888428,1.7409324646
349,350,apple.com.edgekey.net,4.10318374634,1.89399719238,1.79505348206,1.7421245575
350,351,redirector.gvt1.com,4.05502319336,1.84893608093,1.76501274109,1.72305107117
351,352,tapestry.tapad.com,4.18019294739,1.87993049622,1.81603431702,1.76000595093
352,353,pki.goog,3.93199920654,1.85084342957,1.66511535645,1.75714492798
353,354,omtrdc.net,4.15086746216,1.8630027771,1.78289413452,1.71709060669
354,355,static.adsafeprotected.com,4.11295890808,1.92093849182,1.78790092468,1.77907943726
355,356,cloudconfig.googleapis.com,4.17900085449,1.90091133118,1.84202194214,1.69801712036
356,357,yimg.com,4.09388542175,1.88016891479,1.75809860229,1.71494483948
357,358,image2.pubmatic.com,3.97706031799,1.83200836182,1.79481506348,1.83701515198
358,359,g.akamaiedge.net,4.04000282288,1.85894966125,1.83892250061,1.70397758484
359,360,teads.tv,4.00304794312,1.93905830383,1.87993049622,1.72805786133
360,361,analytics.twitter.com,4.10008430481,1.86991691589,1.83606147766,1.73711776733
361,362,urs.microsoft.com,4.12702560425,1.88088417053,1.78003311157,1.75285339355
362,363,pixel-a.sitescout.com,4.20999526978,1.91187858582,1.83200836182,1.69897079468
363,364,arc.msn.com,4.0340423584,1.83606147766,1.76191329956,1.74689292908
364,365,fbsbx.com,4.10389900208,1.86705589294,1.79195404053,1.68681144714
365,366,cdninstagram.com,4.27103042603,1.84106826782,1.79290771484,1.76191329956
366,367,play.itunes.apple.com,4.18400764465,1.93905830383,1.77788734436,1.78384780884
367,368,tidaltv.com,4.02998924255,1.85823440552,1.74593925476,1.74307823181
368,369,msftconnecttest.com,4.0590763092,1.93786621094,1.77216529846,1.70016288757
369,370,bat.bing.com,4.07886505127,1.95407867432,1.8310546875,1.69587135315
370,371,mixpanel.com,4.48894500732,1.81818008423,1.73616409302,1.69491767883
371,372,gwallet.com,4.04214859009,1.76501274109,1.75619125366,1.80292129517
372,373,login.windows.net,3.99613380432,1.83510780334,1.76620483398,1.82199478149
373,374,www.linkedin.com,4.08291816711,1.84488296509,1.74188613892,1.74307823181
374,375,pxl.ace.advertising.com,4.17304039001,1.85894966125,1.72400474548,1.75595283508
375,376,simage2.pubmatic.com,4.23789024353,1.88183784485,1.83010101318,1.69992446899
376,377,dis.criteo.com,4.14609909058,1.79481506348,1.67202949524,1.81078910828
377,378,d.turn.com,4.21285629272,1.89995765686,1.79004669189,1.6930103302
378,379,www.msftconnecttest.com,4.06908988953,1.92904472351,1.68585777283,1.79505348206
379,380,acdn.adnxs.com,4.04810905457,1.80506706238,1.68704986572,1.78003311157
380,381,ocsp.godaddy.com,4.05621528625,1.82914733887,1.6770362854,1.77597999573
381,382,avast.com,4.12511825562,1.83200836182,1.69706344604,1.708984375
382,383,iecvlist.microsoft.com,3.99899482727,1.87301635742,1.71995162964,1.73616409302
383,384,dlx.addthis.com,4.07409667969,1.91617012024,1.70588493347,1.61290168762
384,385,www.microsoft.com,4.14991378784,1.86800956726,1.70111656189,1.61981582642
385,386,msocsp.com,4.14896011353,1.77597999573,1.74188613892,1.64008140564
386,387,ocsp.msocsp.com,4.29487228394,1.797914505,1.64484977722,1.70516967773
387,388,s.yimg.com,4.20308113098,1.88112258911,1.70588493347,1.69014930725
388,389,dsum-sec.casalemedia.com,4.28009033203,1.87301635742,1.86491012573,1.65915489197
389,390,ums.adtechus.com,4.16898727417,1.85990333557,1.84988975525,1.76286697388
390,391,ad.atdmt.com,4.13298606873,1.8310546875,1.64818763733,1.69801712036
391,392,client.wns.windows.com,4.03809547424,1.88398361206,1.78217887878,1.72305107117
392,393,cdn.doubleverify.com,4.5919418335,1.83081626892,1.82414054871,1.65009498596
393,394,www-cdn.icloud.com.akadns.net,3.97896766663,1.81889533997,1.72996520996,1.72591209412
394,395,sync.tidaltv.com,3.91101837158,1.97005271912,1.75595283508,1.66511535645
395,396,ad.turn.com,3.99899482727,1.72901153564,1.77812576294,1.73401832581
396,397,i1.ytimg.com,3.85785102844,1.80721282959,1.84512138367,1.6770362854
397,398,snapchat.com,4.49991226196,1.78694725037,1.7261505127,1.83701515198
398,399,api.mixpanel.com,4.06408309937,1.86204910278,1.73902511597,1.73377990723
399,400,pm.w55c.net,4.01711463928,1.87110900879,1.72209739685,1.74403190613
400,401,geo.moatads.com,3.98898124695,1.85394287109,1.95598602295,1.71613693237
401,402,dsp.mp.microsoft.com,3.95083427429,1.85894966125,1.76501274109,1.69205665588
402,403,chartbeat.net,4.0009021759,1.83391571045,1.75905227661,1.67608261108
403,404,mozilla.com,3.96299362183,1.9109249115,1.9588470459,1.66296958923
404,405,bid.g.doubleclick.net,4.11295890808,1.86204910278,1.75595283508,1.67608261108
405,406,tps30.doubleverify.com,3.82399559021,1.86920166016,1.72901153564,1.75094604492
406,407,android.googleapis.com,3.92389297485,1.80196762085,1.73783302307,1.86395645142
407,408,truste.com,4.07004356384,1.8630027771,1.76191329956,1.73401832581
408,409,globalsign.com,4.11605834961,1.9109249115,1.68204307556,1.70302391052
409,410,services.mozilla.com,4.10318374634,1.82700157166,1.74403190613,1.7569065094
410,411,www.amazon.com,4.07791137695,1.71709060669,1.75094604492,1.70493125916
411,412,secure-gl.imrworldwide.com,4.17995452881,1.84988975525,1.79100036621,1.67298316956
412,413,rtb-csync.smartadserver.com,4.20999526978,1.81889533997,1.78098678589,1.76095962524
413,414,cdn.krxd.net,4.06980514526,1.82414054871,1.70493125916,1.61910057068
414,415,simpli.fi,3.99613380432,1.87802314758,1.77812576294,1.71804428101
415,416,su.addthis.com,3.86810302734,1.90615653992,1.77788734436,1.72996520996
416,417,optimizely.com,3.90410423279,1.89995765686,1.74498558044,1.76191329956
417,418,quantcount.com,3.99899482727,1.94597244263,1.74593925476,1.73997879028
418,419,usertrust.com,3.97896766663,1.94597244263,1.69491767883,1.70707702637
419,420,ping.chartbeat.net,4.14800643921,1.91187858582,1.76501274109,1.73497200012
420,421,t.co,4.06002998352,1.92403793335,1.7831325531,1.69801712036
421,422,connexity.net,4.08506393433,1.91807746887,1.78503990173,1.66201591492
422,423,jquery.com,4.11510467529,1.92284584045,1.6770362854,1.68108940125
423,424,pagead46.l.doubleclick.net,3.98993492126,1.93214416504,1.75881385803,1.80697441101
424,425,code.jquery.com,3.90005111694,1.80721282959,1.79600715637,1.76000595093
425,426,rp.gwallet.com,3.98206710815,1.84488296509,1.797914505,1.708984375
426,427,ess.apple.com,3.98302078247,1.87420845032,1.85418128967,1.73711776733
427,428,gateway.icloud.com,4.06694412231,1.81078910828,1.84512138367,1.74808502197
428,429,l.googleusercontent.com,4.10485267639,1.79004669189,1.79195404053,1.7261505127
429,430,www-google-analytics.l.google.com,3.98802757263,1.88398361206,1.68085098267,1.84297561646
430,431,telemetry.microsoft.com,4.0979385376,1.80196762085,1.80196762085,1.8458366394
431,432,e.nexac.com,3.91793251038,1.72591209412,1.77621841431,1.85298919678
432,433,gum.criteo.com,3.95488739014,1.74498558044,1.83296203613,1.77001953125
433,434,do.dsp.mp.microsoft.com,3.92007827759,1.92403793335,1.81293487549,1.85513496399
434,435,liadm.com,3.92198562622,1.82795524597,1.74593925476,1.88899040222
435,436,secure-ds.serving-sys.com,4.03809547424,1.88207626343,1.77192687988,1.81889533997
436,437,media6degrees.com,4.11295890808,1.797914505,1.7991065979,1.81412696838
437,438,cms.analytics.yahoo.com,3.96299362183,1.81603431702,1.77597999573,1.83606147766
438,439,yahoodns.net,4.14180755615,1.89304351807,1.75714492798,1.7831325531
439,440,cdn.optimizely.com,4.19402122498,1.80006027222,1.78790092468,1.83820724487
440,441,fw.adsafeprotected.com,4.05812263489,1.89995765686,1.7421245575,1.8789768219
441,442,i.instagram.com,4.05693054199,1.73902511597,1.78408622742,1.79696083069
442,443,iasds01.com,4.22501564026,1.74117088318,1.74808502197,1.80697441101
443,444,3lift.com,4.065990448,1.83701515198,1.67989730835,1.7991065979
444,445,betrad.com,3.94105911255,1.83296203613,1.70302391052,1.76811218262
445,446,storeedgefd.dsx.mp.microsoft.com,3.94296646118,1.84798240662,1.76405906677,1.77717208862
446,447,um.simpli.fi,4.14299964905,1.82199478149,1.8138885498,1.79886817932
447,448,live.net,4.45699691772,1.88612937927,1.7671585083,1.78289413452
448,449,s2.symcb.com,4.34303283691,1.77502632141,1.74880027771,1.75595283508
449,450,flurry.com,4.06098365784,1.77311897278,1.83176994324,1.76000595093
450,451,configuration.apple.com.edgekey.net,4.11915779114,1.81007385254,1.78408622742,1.86800956726
451,452,ff.avast.com,4.03594970703,1.75881385803,1.74283981323,1.75094604492
452,453,m.adnxs.com,4.0168762207,1.81794166565,1.76596641541,1.6930103302
453,454,cm.everesttech.net,3.986120224,1.87110900879,1.87706947327,1.77192687988
454,455,weather.com,4.06408309937,1.76501274109,1.75380706787,1.78718566895
455,456,sp.analytics.yahoo.com,4.25219535828,1.83582305908,1.72305107117,1.73711776733
456,457,init.ess.apple.com,4.12487983704,1.94597244263,1.78098678589,1.72686576843
457,458,sc.iasds01.com,4.06503677368,1.79195404053,1.70397758484,1.620054245
458,459,sharethrough.com,4.37211990356,1.81293487549,1.82795524597,1.71613693237
459,460,sync.teads.tv,4.18090820312,1.78790092468,1.79696083069,1.69897079468
460,461,ssl-images-amazon.com,4.19402122498,1.7671585083,1.90496444702,1.79195404053
461,462,adhigh.net,4.04119491577,1.72114372253,1.72901153564,1.6758441925
462,463,stickyadstv.com,4.13298606873,1.88302993774,1.75404548645,1.74903869629
463,464,microsoftonline.com,4.10890579224,1.73616409302,1.82008743286,1.72400474548
464,465,ads.stickyadstv.com,4.18400764465,1.75714492798,1.79290771484,1.7728805542
465,466,ads.pubmatic.com,4.18901443481,1.70493125916,1.7569065094,1.71589851379
466,467,pxl.connexity.net,4.10604476929,1.80602073669,1.78289413452,1.73997879028
467,468,www.instagram.com,4.08387184143,1.85298919678,1.80196762085,1.708984375
468,469,fb.com,4.23789024353,1.69897079468,1.71518325806,1.72400474548
469,470,c.amazon-adsystem.com,4.07791137695,1.67393684387,1.90806388855,10713.4289742
470,471,download.windowsupdate.com,4.08697128296,1.79004669189,1.80196762085,3.82590293884
471,472,usync.nexage.com,4.20498847961,1.85489654541,1.76000595093,2.94017791748
472,473,mqtt.c10r.facebook.com,4.16612625122,1.80196762085,1.78694725037,2.80785560608
473,474,360yield.com,3.93199920654,1.78003311157,1.7991065979,2.53701210022
474,475,smaato.net,4.02307510376,1.72901153564,1.78599357605,2.25496292114
475,476,secure-us.imrworldwide.com,4.08005714417,1.82390213013,1.74689292908,2.112865448
476,477,i.liadm.com,4.17613983154,1.73306465149,1.75023078918,2.04992294312
477,478,ss.symcd.com,4.1720867157,1.76692008972,1.71303749084,1.85084342957
478,479,ad.360yield.com,4.19306755066,1.8482208252,1.79696083069,1.95002555847
479,480,px.adhigh.net,4.08506393433,1.75619125366,1.77001953125,1.87611579895
480,481,powerlinks.com,4.11295890808,1.78194046021,1.8048286438,1.84893608093
481,482,px.powerlinks.com,3.99017333984,2.18892097473,1.79505348206,1.81412696838
482,483,r.turn.com,3.89885902405,1.8150806427,1.76215171814,1.89208984375
483,484,d.dropbox.com,3.93891334534,1.77192687988,1.74403190613,1.79696083069
484,485,login.microsoftonline.com,4.09197807312,1.77597999573,1.75404548645,1.82890892029
485,486,cdn3.doubleverify.com,4.21094894409,1.74283981323,1.86109542847,1.86395645142
486,487,bidr.io,4.1868686676,1.79100036621,1.77121162415,1.79409980774
487,488,x.dlx.addthis.com,4.30297851562,1.84297561646,1.76286697388,1.85799598694
488,489,prod.bidr.io,4.01878356934,1.72805786133,1.68609619141,1.84297561646
489,490,owneriq.net,4.03213500977,1.71804428101,1.71303749084,1.85394287109
490,491,w.org,4.05192375183,1.75189971924,1.7831325531,1.86705589294
491,492,s.w.org,4.10914421082,1.82294845581,1.72019004822,1.81293487549
492,493,images-na.ssl-images-amazon.com,4.14395332336,1.80411338806,1.78289413452,1.96504592896
493,494,www3.l.google.com,4.05597686768,1.85394287109,1.83892250061,1.80411338806
494,495,crl.comodoca.com,4.05287742615,1.79219245911,1.77192687988,1.797914505
495,496,livetileedge.dsx.mp.microsoft.com,4.21905517578,1.82509422302,1.87492370605,1.86991691589
496,497,c.betrad.com,4.22406196594,1.81293487549,2.19392776489,1.79600715637
497,498,thebrighttag.com,4.10008430481,1.81293487549,1.69396400452,1.80101394653
498,499,e5153.e9.akamaiedge.net,4.33397293091,1.80006027222,1.83892250061,1.82819366455
499,500,usermatch.krxd.net,4.2028427124,1.86109542847,1.69610977173,1.80196762085
500,501,s.thebrighttag.com,4.16111946106,1.87516212463,1.81198120117,1.91903114319
501,502,yandex.ru,3.99804115295,1.78503990173,1.78909301758,1.89995765686
502,503,trustarc.com,4.09197807312,1.82914733887,1.89089775085,1.86491012573
503,504,match.prod.bidr.io,4.10723686218,1.80912017822,1.788854599,1.81889533997
504,505,sc-analytics.appspot.com,4.18591499329,1.85298919678,1.78098678589,1.86395645142
505,506,px.owneriq.net,4.0009021759,1.83391571045,1.81603431702,1.86705589294
506,507,nflxvideo.net,4.07409667969,1.80506706238,1.6930103302,1.82795524597
507,508,adap.tv,4.14991378784,1.79100036621,1.79195404053,1.78217887878
508,509,app-analytics.snapchat.com,4.11295890808,1.79290771484,1.75094604492,1.86991691589
509,510,oca.nflxvideo.net,4.06289100647,1.88708305359,1.79505348206,1.85203552246
510,511,1.oca.nflxvideo.net,4.18901443481,1.71685218811,1.75809860229,1.91688537598
511,512,s7.addthis.com,3.96084785461,1.64794921875,1.77597999573,1.78694725037
512,513,hangouts.google.com,4.05383110046,1.83296203613,1.84917449951,1.94501876831
513,514,autodiscover-s.outlook.com,3.8959980011,1.87706947327,1.82890892029,1.86586380005
514,515,token.rubiconproject.com,4.01401519775,1.88088417053,1.82294845581,1.80792808533
515,516,m.addthis.com,3.85093688965,1.83320045471,1.85585021973,1.85108184814
516,517,choices.truste.com,3.91817092896,1.79409980774,1.85012817383,2.00319290161
517,518,www.msn.com,3.88407707214,1.80411338806,1.68108940125,1.84297561646
518,519,pancake.apple.com,4.16398048401,1.83510780334,1.72805786133,1.88899040222
519,520,ocsp.pki.goog,3.83281707764,1.70397758484,1.77907943726,1.84512138367
520,521,portal.fb.com,3.81517410278,1.73497200012,1.7728805542,1.75595283508
521,522,id.google.com,3.6768913269,1.78003311157,1.77788734436,1.79600715637
522,523,tiqcdn.com,3.61108779907,1.78503990173,1.89781188965,1.79719924927
523,524,shavar.services.mozilla.com,3.59416007996,1.80292129517,1.84798240662,1.84893608093
524,525,tags.tiqcdn.com,3.53693962097,1.79886817932,1.7261505127,1.77693367004
525,526,appsflyer.com,3.70907783508,1.79290771484,1.99604034424,1.73592567444
526,527,edgesuite.net,3.66401672363,1.77383422852,1.75786018372,1.81102752686
527,528,browser.pipe.aria.microsoft.com,3.83400917053,1.79600715637,1.81007385254,1.88398361206
528,529,gn.symcd.com,3.70001792908,1.75499916077,1.78003311157,1.80888175964
529,530,hydra.opendns.com,3.70907783508,1.76191329956,1.83987617493,1.80792808533
530,531,sync.hydra.opendns.com,3.741979599,1.77001953125,1.79290771484,1.84297561646
531,532,0.client-channel.google.com,4.06408309937,1.83486938477,1.88994407654,1.85894966125
532,533,mail.yahoo.com,4.11796569824,1.78623199463,1.68204307556,1.80792808533
533,534,symantec.com,4.10199165344,1.76596641541,1.70588493347,1.86991691589
534,535,ocsp2.globalsign.com,4.16588783264,1.76000595093,1.8048286438,1.8458366394
535,536,bidder.criteo.com,4.13990020752,1.81293487549,1.89399719238,1.87683105469
536,537,adjust.com,4.04596328735,1.79815292358,1.68800354004,1.8138885498
537,538,redirector.googlevideo.com,4.02092933655,1.72400474548,1.80792808533,1.90496444702
538,539,us.criteo.com,4.04596328735,1.83391571045,1.77001953125,1.77192687988
539,540,fastlane.rubiconproject.com,4.1139125824,1.83200836182,1.79100036621,1.86705589294
540,541,ipredictive.com,4.0168762207,1.7261505127,1.90019607544,1.85704231262
541,542,choices-or.trustarc.com,3.99398803711,1.81102752686,1.85608863831,1.96695327759
542,543,api.facebook.com,3.96919250488,1.78909301758,1.71709060669,1.84106826782
543,544,rundsp.com,3.95011901855,1.7991065979,1.78003311157,1.82700157166
544,545,ksmobile.com,3.89981269836,1.78003311157,1.82914733887,1.81603431702
545,546,flashtalking.com,3.96084785461,1.75309181213,1.8310546875,1.79505348206
546,547,e673.e9.akamaiedge.net,3.83996963501,1.83296203613,1.75094604492,1.85394287109
547,548,walmart.com,3.85689735413,1.78408622742,1.66010856628,1.66893005371
548,549,android.com,3.99398803711,1.77001953125,1.64413452148,1.66487693787
549,550,sync.ipredictive.com,4.08101081848,1.76882743835,1.81698799133,1.73497200012
550,551,api.smoot.apple.com,3.97491455078,1.82318687439,1.83606147766,1.73306465149
551,552,adobedtm.com,4.00304794312,1.87206268311,1.90114974976,1.74021720886
552,553,assets.adobedtm.com,3.97801399231,1.77478790283,1.75905227661,1.83391571045
553,554,domdex.com,3.98993492126,1.79696083069,1.78194046021,1.72686576843
554,555,chartbeat.com,4.10103797913,1.75213813782,1.8470287323,1.74188613892
555,556,rules.quantcount.com,4.10914421082,1.83391571045,1.84488296509,1.77717208862
556,557,ce.lijit.com,3.89289855957,1.75309181213,1.81007385254,1.75404548645
557,558,l.betrad.com,4.02808189392,1.79815292358,1.72400474548,1.79195404053
558,559,pagead.l.doubleclick.net,4.29487228394,1.85990333557,1.77192687988,1.81317329407
559,560,ib-ibi.com,3.93605232239,1.73401832581,1.75619125366,1.85108184814
560,561,t.domdex.com,3.99708747864,1.71899795532,1.83582305908,1.84106826782
561,562,gravatar.com,3.96919250488,1.81007385254,1.82008743286,1.86395645142
562,563,netmng.com,4.03380393982,1.82819366455,1.85108184814,1.91688537598
563,564,api.weather.com,4.19116020203,1.73306465149,1.79505348206,1.81293487549
564,565,match.rundsp.com,3.94916534424,1.79195404053,1.79314613342,1.79505348206
565,566,app.adjust.com,3.9119720459,1.79314613342,1.79600715637,1.84512138367
566,567,t.mookie1.com,4.0590763092,1.77788734436,1.78694725037,1.88493728638
567,568,sync.outbrain.com,4.12106513977,1.77788734436,1.77788734436,1.9371509552
568,569,hotjar.com,3.98111343384,1.78599357605,1.72901153564,1.83796882629
569,570,sls.update.microsoft.com,4.11701202393,1.86800956726,2.17604637146,1.84988975525
570,571,magnetic.t.domdex.com,3.98898124695,1.81913375854,1.85990333557,1.81102752686
571,572,partnerad.l.doubleclick.net,4.08697128296,1.90806388855,1.76811218262,1.87206268311
572,573,ads.linkedin.com,4.02283668518,1.81484222412,1.77001953125,1.75809860229
573,574,i.w55c.net,4.03904914856,1.78503990173,1.73997879028,1.8138885498
574,575,static.chartbeat.com,3.97801399231,1.81889533997,1.84607505798,1.83200836182
575,576,aax.amazon-adsystem.com,4.08101081848,1.83701515198,1.75094604492,1.88803672791
576,577,googleadapis.l.google.com,4.09889221191,1.8789768219,1.8150806427,1.96003913879
577,578,oem.twimg.com,4.11200523376,1.82294845581,1.78408622742,1.98101997375
578,579,data.flurry.com,4.01210784912,1.78289413452,1.82580947876,1.85990333557
579,580,ocos-office365-s2s.msedge.net,3.97896766663,1.82604789734,1.83606147766,1.81102752686
580,581,gspe35-ssl.ls.apple.com,4.07409667969,1.85608863831,1.98316574097,1.84798240662
581,582,gsp64-ssl.ls-apple.com.akadns.net,3.95584106445,1.77502632141,1.80006027222,1.81484222412
582,583,createjs.com,4.37998771667,1.73997879028,1.89590454102,1.74307823181
583,584,code.createjs.com,4.32205200195,1.76787376404,1.83296203613,1.80292129517
584,585,ml314.com,4.3089389801,1.81484222412,1.73091888428,1.75714492798
585,586,addthisedge.com,4.12583351135,1.80315971375,1.81007385254,1.78694725037
586,587,m.addthisedge.com,4.09197807312,1.84798240662,1.80006027222,1.83415412903
587,588,tremorhub.com,4.46891784668,1.84488296509,1.80006027222,1.81603431702
588,589,youtube-ui.l.google.com,4.22310829163,1.7991065979,1.80888175964,1.91211700439
589,590,load77.exelator.com,4.29797172546,1.77717208862,1.8367767334,1.80292129517
590,591,global.ib-ibi.com,4.16207313538,1.77693367004,1.81412696838,1.78813934326
591,592,sync.adap.tv,3.96704673767,1.82318687439,1.80196762085,1.84106826782
592,593,client-cf.dropbox.com,4.08983230591,1.80387496948,1.86991691589,1.81293487549
593,594,connectivitycheck.android.com,4.19211387634,1.80888175964,1.73091888428,1.78098678589
594,595,config.skype.com,3.87382507324,1.76000595093,1.79815292358,1.85990333557
595,596,syndication.twimg.com,3.71289253235,1.81293487549,1.86204910278,1.92499160767
596,597,c.urs.microsoft.com,3.66497039795,1.79195404053,1.88803672791,1.77907943726
597,598,cdn.syndication.twimg.com,3.73983383179,1.86085700989,1.87015533447,1.82390213013
598,599,people-pa.clients6.google.com,3.78704071045,1.77907943726,1.82509422302,1.81603431702
599,600,idpix.media6degrees.com,3.8058757782,1.91903114319,1.83200836182,1.80602073669
600,601,adadvisor.net,3.74484062195,1.83606147766,1.82318687439,1.77907943726
601,602,bolt.dropbox.com,3.85785102844,1.78718566895,1.79886817932,1.73616409302
602,603,dc.ads.linkedin.com,3.91793251038,1.86204910278,1.74498558044,1.78217887878
603,604,cdn.adnxs.com,3.75509262085,1.80411338806,1.79696083069,1.79004669189
604,605,cdn.taboola.com,3.73101234436,1.82199478149,1.73091888428,1.73401832581
605,606,beacon.walmart.com,3.66401672363,1.9588470459,1.78718566895,1.84488296509
606,607,dart.l.doubleclick.net,3.52692604065,1.84202194214,1.78813934326,1.86705589294
607,608,com.edgesuite.net,3.8378238678,1.75809860229,1.81794166565,1.78599357605
608,609,insightexpressai.com,3.91507148743,1.78599357605,1.76882743835,2.15601921082
609,610,static.hotjar.com,4.03904914856,1.82008743286,1.77502632141,1.79100036621
610,611,eyeota.net,3.99494171143,1.8150806427,1.78909301758,1.82199478149
611,612,ps.eyeota.net,4.16302680969,1.80315971375,1.9268989563,1.86896324158
612,613,cms.quantserve.com,4.11701202393,1.7569065094,1.7569065094,1.84082984924
613,614,secure.insightexpressai.com,4.15205955505,1.84607505798,1.71089172363,1.85894966125
614,615,match.sharethrough.com,4.1241645813,1.90901756287,1.81984901428,1.82604789734
615,616,app.snapchat.com,4.09913063049,1.79100036621,1.81198120117,1.83391571045
616,617,choices.trustarc.com,3.986120224,1.76811218262,1.79696083069,1.92213058472
617,618,gumgum.com,4.03094291687,1.78194046021,1.708984375,1.9211769104
618,619,dl-debug.dropbox.com,4.18400764465,1.87492370605,1.75499916077,1.85585021973
619,620,widgets.outbrain.com,4.04810905457,1.79386138916,1.71613693237,1.89995765686
620,621,smp-device-content.apple.com,5.21302223206,1.79481506348,1.73306465149,1.788854599
621,622,letsencrypt.org,4.44293022156,1.72901153564,1.68895721436,1.83606147766
622,623,plus.l.google.com,4.12011146545,1.77001953125,1.68800354004,1.93881988525
623,624,mxptint.net,4.11200523376,1.71303749084,1.68585777283,1.93095207214
624,625,int-x3.letsencrypt.org,4.20188903809,1.88899040222,1.7831325531,1.87397003174
625,626,rtb0.doubleverify.com,3.87597084045,1.88589096069,1.80506706238,1.92904472351
626,627,tlg.mookie1.com,3.71098518372,1.82795524597,1.66296958923,1.85918807983
627,628,api.bing.com,3.73005867004,1.81102752686,1.8208026886,1.81317329407
628,629,stats.l.doubleclick.net,3.73888015747,1.85394287109,1.83200836182,1.84106826782
629,630,servedby.flashtalking.com,4.40096855164,1.81198120117,1.74117088318,1.85108184814
630,631,ocsp.int-x3.letsencrypt.org,3.88693809509,1.78098678589,1.82509422302,1.94501876831
631,632,adgrx.com,3.90696525574,1.78718566895,1.91593170166,1.77001953125
632,633,mopub.com,3.82304191589,1.73997879028,1.82819366455,1.74999237061
633,634,images.taboola.com,3.87811660767,1.78408622742,1.89399719238,1.83415412903
634,635,ssl-google-analytics.l.google.com,4.03308868408,1.99890136719,1.77192687988,1.93810462952
635,636,iphonesubmissions.apple.com,3.96990776062,2.28190422058,1.78003311157,1.84512138367
636,637,sc.omtrdc.net,3.99589538574,1.95407867432,1.77884101868,1.82199478149
637,638,insight.adsrvr.org,3.90195846558,1.99508666992,1.84416770935,1.78503990173
638,639,gspe1-ssl.ls.apple.com,4.0500164032,2.0580291748,1.83916091919,1.77311897278
639,640,mesu.g.aaplimg.com,4.1708946228,1.93190574646,1.82700157166,1.91187858582
640,641,query.yahoo.com,3.96990776062,1.91402435303,1.71279907227,2.11787223816
641,642,eb2.3lift.com,4.04191017151,1.85918807983,1.79004669189,1.81484222412
642,643,office.net,4.145860672,2.02202796936,1.74999237061,1.83606147766
643,644,cw.addthis.com,4.14514541626,1.83606147766,1.76191329956,1.81579589844
644,645,zemanta.com,4.10890579224,1.90997123718,1.74307823181,1.83892250061
645,646,ocsp.usertrust.com,4.11510467529,1.97386741638,1.78599357605,1.80315971375
646,647,ampproject.org,4.10604476929,1.9268989563,1.81317329407,1.82509422302
647,648,b.akamaiedge.net,4.18519973755,1.85680389404,1.78003311157,1.78003311157
648,649,init-p01md.apple.com,4.10509109497,1.93405151367,1.77693367004,1.80697441101
649,650,ads.mopub.com,4.05788421631,1.83606147766,1.74784660339,1.83296203613
650,651,guzzoni-apple.com.akadns.net,4.07385826111,1.90401077271,1.79505348206,1.84988975525
651,652,www.msftncsi.com,4.1720867157,1.97291374207,1.75809860229,1.80387496948
652,653,adbrn.com,4.08101081848,1.81913375854,1.75309181213,1.80697441101
653,654,odc.officeapps.live.com,4.11987304688,1.93405151367,1.79195404053,1.82604789734
654,655,pagead-googlehosted.l.google.com,4.15396690369,1.96385383606,1.83796882629,1.80697441101
655,656,ads-twitter.com,4.075050354,1.81794166565,1.7409324646,1.83701515198
656,657,static.ads-twitter.com,4.22406196594,1.76405906677,1.84988975525,1.78217887878
657,658,rtb.gumgum.com,4.07695770264,1.85012817383,1.73711776733,1.77097320557
658,659,innovid.com,4.13203239441,1.96504592896,1.80006027222,1.83510780334
659,660,bttrack.com,4.13298606873,1.89995765686,1.78599357605,1.80697441101
660,661,cl2.apple.com,4.07099723816,1.85203552246,1.87802314758,1.8470287323
661,662,ipv6.msftncsi.com,4.02283668518,1.85084342957,1.76501274109,1.8310546875
662,663,sp.adbrn.com,4.36091423035,1.82318687439,1.76000595093,1.86896324158
663,664,m.facebook.com,3.99303436279,1.82700157166,1.77812576294,1.74498558044
664,665,cache.btrll.com,4.13393974304,1.86896324158,1.87802314758,1.9519329071
665,666,amazontrust.com,4.15778160095,1.91402435303,1.71899795532,1.81198120117
666,667,aax-us-east.amazon-adsystem.com,4.11415100098,1.93309783936,1.76906585693,1.79290771484
667,668,tt.omtrdc.net,4.08220291138,1.85012817383,1.7728805542,1.87015533447
668,669,tribalfusion.com,4.00495529175,1.86085700989,1.82318687439,1.84893608093
669,670,convertro.com,3.96299362183,1.83510780334,1.7569065094,1.86705589294
670,671,sp1.convertro.com,4.25314903259,1.85489654541,1.77192687988,1.94191932678
671,672,vindicosuite.com,3.98182868958,1.87206268311,1.85394287109,1.86204910278
672,673,t.appsflyer.com,4.09603118896,1.90997123718,1.74689292908,1.90901756287
673,674,image6.pubmatic.com,4.05192375183,1.87921524048,1.69992446899,1.85799598694
674,675,storage.live.com,4.23789024353,1.87397003174,1.82414054871,1.93309783936
675,676,global.fastly.net,4.07195091248,1.95002555847,1.80196762085,2.01320648193
676,677,afy11.net,4.13203239441,1.8630027771,1.78194046021,2.0170211792
677,678,eas.outlook.com,4.08101081848,1.85298919678,1.81293487549,2.0010471344
678,679,pinimg.com,4.4059753418,1.84202194214,1.80697441101,1.90210342407
679,680,r.nexac.com,4.2998790741,1.83582305908,1.73497200012,2.06685066223
680,681,vars.hotjar.com,4.2929649353,1.78909301758,1.79314613342,1.85513496399
681,682,safebrowsing.google.com,4.35900688171,1.93095207214,1.76095962524,1.92093849182
682,683,ad.afy11.net,4.13107872009,1.87492370605,1.92189216614,1.79004669189
683,684,googlehosted.l.googleusercontent.com,4.34684753418,1.91593170166,1.79982185364,1.97601318359
684,685,b1sync.zemanta.com,4.26983833313,1.83510780334,1.89900398254,1.86920166016
685,686,e7.akamaiedge.net,4.17399406433,1.98197364807,1.80411338806,2.05612182617
686,687,loadus.exelator.com,4.14800643921,1.91497802734,1.75619125366,1.93214416504
687,688,images.outbrain.com,4.13179397583,1.86610221863,1.79600715637,1.90210342407
688,689,mvm.snapchat.com,3.98802757263,1.90901756287,1.79195404053,1.89995765686
689,690,moatpixel.com,4.08506393433,1.80816650391,1.75595283508,1.80506706238
690,691,e1879.e7.akamaiedge.net,4.19902801514,1.89709663391,1.7569065094,1.85298919678
691,692,s.moatpixel.com,4.33802604675,1.82819366455,1.76692008972,1.82604789734
692,693,clients.l.google.com,4.23979759216,1.89399719238,1.75595283508,1.99007987976
693,694,ap.lijit.com,4.33397293091,1.93810462952,1.78599357605,1.85298919678
694,695,eu.criteo.net,4.11009788513,1.90782546997,1.78980827332,1.90210342407
695,696,eyeviewads.com,4.28199768066,1.87611579895,1.82199478149,1.84297561646
696,697,mozilla.org,4.32801246643,1.88398361206,1.83200836182,1.83486938477
697,698,accuweather.com,4.32705879211,1.84416770935,1.70493125916,1.96313858032
698,699,s.youtube.com,4.34112548828,1.83582305908,1.81603431702,1.93214416504
699,700,track.eyeviewads.com,4.37712669373,1.89900398254,1.7569065094,2.02894210815
700,701,aol.com,4.06408309937,1.84106826782,1.83391571045,1.92594528198
701,702,spotify.com,4.39405441284,1.85608863831,1.78408622742,1.85298919678
702,703,media.net,4.14299964905,1.90997123718,1.76787376404,1.87516212463
703,704,typekit.net,4.2200088501,1.87301635742,1.77788734436,1.85704231262
704,705,mythings.com,4.1868686676,1.86514854431,1.73497200012,1.79004669189
705,706,gp.symcd.com,4.01282310486,2.23302841187,1.80721282959,1.84392929077
706,707,us-west-2.elb.amazonaws.com,4.06813621521,1.95598602295,1.79600715637,1.88994407654
707,708,cdn.ampproject.org,4.21714782715,1.90305709839,1.7569065094,1.85894966125
708,709,chat.snapchat.com,4.14705276489,1.89805030823,1.83296203613,1.81984901428
709,710,dyntrk.com,4.09698486328,1.91593170166,1.72209739685,1.85489654541
710,711,ssl.fastly.net,4.18901443481,1.87301635742,1.77717208862,1.79815292358
711,712,log.outbrain.com,4.09507751465,1.85203552246,1.77383422852,1.92904472351
712,713,bizographics.com,4.0168762207,1.80006027222,1.76882743835,1.92904472351
713,714,scontent-iad3-1.xx.fbcdn.net,4.14896011353,1.89900398254,1.82700157166,1.9428730011
714,715,phicdn.net,4.15515899658,1.76596641541,1.797914505,1.91688537598
715,716,mpp.vindicosuite.com,4.19187545776,1.82890892029,1.72114372253,1.76596641541
716,717,origin.guzzoni-apple.com.akadns.net,4.11486625671,1.92999839783,1.85394287109,1.80721282959
717,718,wac.phicdn.net,4.14681434631,1.80292129517,1.78003311157,1.88016891479
718,719,bidi-geo.mythings.com,4.13703918457,1.82008743286,1.78813934326,1.89185142517
719,720,shared.global.fastly.net,4.09507751465,1.76215171814,1.6610622406,1.86610221863
720,721,sca1b.amazontrust.com,4.11581993103,1.83486938477,1.87301635742,1.79409980774
721,722,lithium.facebook.com,4.13703918457,1.85990333557,1.79195404053,1.85608863831
722,723,img-s-msn-com.akamaized.net,4.19306755066,1.80292129517,1.75094604492,1.7831325531
723,724,rayjump.com,3.93199920654,1.73306465149,1.78790092468,1.82485580444
724,725,client.dropbox.com,4.14490699768,1.80792808533,1.74593925476,1.85298919678
725,726,cs9.wac.phicdn.net,4.14299964905,1.92093849182,1.79100036621,1.84988975525
726,727,cm.adgrx.com,3.99613380432,1.88088417053,1.76286697388,1.76692008972
727,728,delivery.mp.microsoft.com,4.16016578674,1.78599357605,1.78194046021,1.88016891479
728,729,rrc.rlcdn.com,4.11796569824,1.75905227661,1.75905227661,1.77407264709
729,730,a.rfihub.com,4.10294532776,1.79409980774,1.7569065094,1.75595283508
730,731,angsrvr.com,4.21118736267,1.73902511597,1.77693367004,1.82199478149
731,732,skimresources.com,4.07481193542,1.87087059021,1.74188613892,1.84988975525
732,733,verisign.com,4.09293174744,1.77001953125,1.73592567444,1.86514854431
733,734,eu.angsrvr.com,4.24098968506,1.76191329956,1.88708305359,1.79290771484
734,735,optimized-by.rubiconproject.com,4.02307510376,1.80983543396,1.8298625946,1.81698799133
735,736,ocsp.apple.com,3.97992134094,1.71899795532,1.708984375,1.788854599
736,737,win10.ipv6.microsoft.com,4.05716896057,1.99890136719,1.78003311157,1.86204910278
737,738,wp.com,3.8800239563,1.81889533997,1.86991691589,1.78790092468
738,739,pixel.facebook.com,4.06694412231,1.8470287323,1.75094604492,1.82795524597
739,740,yieldmo.com,4.14514541626,1.76119804382,1.6930103302,1.8310546875
740,741,cdn.flashtalking.com,3.96704673767,1.84488296509,1.77192687988,1.81198120117
741,742,image4.pubmatic.com,3.92699241638,1.91688537598,1.81198120117,1.84893608093
742,743,captive.apple.com,3.98206710815,1.80602073669,1.80816650391,1.83296203613
743,744,adition.com,3.99208068848,1.85108184814,1.78217887878,1.78599357605
744,745,service.weather.microsoft.com,3.83520126343,1.79600715637,1.89709663391,1.77597999573
745,746,eu-west-1.elb.amazonaws.com,3.84306907654,1.80006027222,1.83606147766,1.91116333008
746,747,adfarm1.adition.com,3.74889373779,1.81913375854,1.75619125366,1.83200836182
747,748,lkqd.net,3.85212898254,1.7421245575,1.74784660339,1.77717208862
748,749,1-courier.push.apple.com,4.12487983704,1.72710418701,1.78694725037,1.82104110718
749,750,a.tribalfusion.com,4.02593612671,1.7569065094,1.91211700439,1.77693367004
750,751,armmf.adobe.com,3.79014015198,1.81007385254,1.75094604492,1.8310546875
751,752,wayfair.com,3.85403633118,1.76191329956,1.73997879028,1.87277793884
752,753,sonobi.com,3.91292572021,1.71494483948,1.69610977173,1.77693367004
753,754,go.sonobi.com,4.06885147095,1.70302391052,1.90401077271,1.76501274109
754,755,ads.adaptv.advertising.com,4.15396690369,1.73807144165,1.81603431702,2.00390815735
755,756,itunes.apple.com.edgekey.net,4.07195091248,1.7991065979,1.73616409302,2.03084945679
756,757,logx.optimizely.com,4.33206558228,1.89518928528,1.70397758484,2.06518173218
757,758,gvt3.com,4.20188903809,1.72019004822,1.76382064819,1.82795524597
758,759,beacons5.gvt3.com,4.27222251892,1.76692008972,1.73902511597,1.74713134766
759,760,digitru.st,4.07409667969,1.77407264709,1.63412094116,1.75189971924
760,761,evoke-windowsservices-tas.msedge.net,4.1139125824,1.86514854431,1.89518928528,1.73807144165
761,762,api.accuweather.com,4.06408309937,1.85608863831,1.80101394653,1.76095962524
762,763,chat-gateway-prod.chat.snapchat.com,4.16302680969,1.79409980774,1.79004669189,1.70397758484
763,764,firefox.com,4.10294532776,1.7831325531,1.63292884827,1.67989730835
764,765,tubemogul.com,4.07409667969,1.77597999573,1.76405906677,1.78599357605
765,766,block.dropbox.com,4.12702560425,1.82104110718,1.78098678589,1.76620483398
766,767,licdn.com,4.15897369385,1.75213813782,1.82008743286,1.81603431702
767,768,contextual.media.net,4.17995452881,1.77192687988,1.78003311157,1.89280509949
768,769,playatoms-pa.googleapis.com,4.12702560425,1.83606147766,1.78503990173,1.87492370605
769,770,macromedia.com,4.20117378235,1.86109542847,1.83701515198,1.78599357605
770,771,wordpress.com,4.44102287292,1.77812576294,1.78694725037,1.8150806427
771,772,tap2-cdn.rubiconproject.com,4.20498847961,1.84798240662,1.85298919678,1.76310539246
772,773,client-lb.dropbox.com,4.33397293091,1.8789768219,1.92499160767,1.89709663391
773,774,www-googletagmanager.l.google.com,4.06908988953,1.83916091919,1.797914505,1.75404548645
774,775,watson.telemetry.microsoft.com,4.06098365784,1.77597999573,1.77907943726,1.81102752686
775,776,baidu.com,4.06980514526,1.78384780884,1.75499916077,1.8630027771
776,777,odb.outbrain.com,4.30703163147,1.76405906677,1.90401077271,1.78384780884
777,778,www.yahoo.com,4.10509109497,1.81484222412,1.87611579895,1.8298625946
778,779,us.criteo.net,4.065990448,1.73902511597,1.81698799133,1.78289413452
779,780,appex.bing.com,4.32705879211,1.73807144165,1.85990333557,1.81317329407
780,781,t.wayfair.com,4.07314300537,1.76095962524,2.1858215332,1.78503990173
781,782,ag.innovid.com,3.95178794861,1.74283981323,2.13003158569,1.8470287323
782,783,mozaws.net,4.0328502655,1.82509422302,2.18486785889,1.81007385254
783,784,nym1-ib.adnxs.com,4.31895256042,1.86705589294,2.07686424255,1.80006027222
784,785,prod.mozaws.net,4.12106513977,1.74498558044,2.00200080872,1.84106826782
785,786,go-mpulse.net,4.18305397034,1.77097320557,1.77097320557,1.82199478149
786,787,dsp.adfarm1.adition.com,4.02498245239,1.80506706238,1.88207626343,1.85108184814
787,788,cwkuki.com,3.99518013,1.86014175415,1.82104110718,1.82294845581
788,789,ocsp.sca1b.amazontrust.com,3.95083427429,1.82390213013,1.81007385254,1.8470287323
789,790,settings.data.microsoft.com,4.06289100647,1.81794166565,1.7421245575,1.82890892029
790,791,rtb.openx.net,4.30607795715,1.76692008972,1.85680389404,1.78980827332
791,792,c.go-mpulse.net,4.17518615723,1.78098678589,1.81603431702,1.74283981323
792,793,static.eu.criteo.net,4.21786308289,1.90114974976,1.84798240662,1.82294845581
793,794,x.akamaiedge.net,4.03785705566,1.82485580444,1.78694725037,1.81889533997
794,795,anycast.adnxs.com,4.04596328735,1.82795524597,1.76692008972,1.80101394653
795,796,instagram.c10r.facebook.com,4.34899330139,1.85704231262,2.13313102722,1.87516212463
796,797,mozilla.net,4.57906723022,1.75499916077,1.75499916077,1.90496444702
797,798,qq.com,4.35304641724,1.82294845581,1.71494483948,1.83820724487
798,799,cdn.mozilla.net,4.2188167572,1.80912017822,1.7409324646,1.74283981323
799,800,geo-prod.do.dsp.mp.microsoft.com,4.11987304688,1.90305709839,1.98483467102,1.82390213013
800,801,creative-serving.com,4.10294532776,1.82485580444,1.97792053223,1.84297561646
801,802,ads.creative-serving.com,4.30989265442,1.89995765686,2.04205513,1.86395645142
802,803,geo.yahoo.com,4.03499603271,1.83200836182,1.98292732239,1.88207626343
803,804,messenger.live.com,4.03213500977,1.85489654541,2.07185745239,1.81889533997
804,805,p.typekit.net,4.09913063049,1.79100036621,1.96886062622,1.82390213013
805,806,adroll.com,4.154920578,1.80196762085,1.93214416504,1.79600715637
806,807,media-amazon.com,4.08601760864,1.77311897278,1.84297561646,1.80315971375
807,808,ib.anycast.adnxs.com,4.09293174744,1.9109249115,1.69897079468,1.79100036621
808,809,ads.yieldmo.com,4.1401386261,2.30503082275,1.80292129517,1.78384780884
809,810,xboxlive.com,4.24098968506,1.82199478149,1.82604789734,1.74999237061
810,811,extend.tv,4.03094291687,1.84679031372,1.86109542847,1.76191329956
811,812,pippio.com,3.87811660767,1.85394287109,1.87993049622,1.82485580444
812,813,dsum.casalemedia.com,4.0819644928,1.82795524597,1.87301635742,1.82700157166
813,814,script.hotjar.com,4.14109230042,1.78909301758,1.84988975525,1.86491012573
814,815,omnitagjs.com,4.28700447083,1.85108184814,1.76215171814,1.84202194214
815,816,beap-bc.yahoo.com,3.95894050598,1.81603431702,2.08497047424,1.81603431702
816,817,match.taboola.com,4.24289703369,1.87301635742,2.15601921082,1.80101394653
817,818,yandex.net,4.24289703369,1.75809860229,2.19392776489,1.85489654541
818,819,cdn-apple.com.akadns.net,4.28104400635,1.79290771484,2.21586227417,1.81198120117
819,820,soma.smaato.net,4.25219535828,1.87993049622,2.13384628296,1.73807144165
820,821,adtech.advertising.com,4.09507751465,1.81078910828,2.06899642944,1.89805030823
821,822,id.rlcdn.com,4.23908233643,1.76095962524,2.2029876709,1.74689292908
822,823,snapads.com,4.37688827515,1.83606147766,2.11691856384,1.85108184814
823,824,adserver.snapads.com,4.0500164032,1.84106826782,2.08187103271,1.87206268311
824,825,gcdn.2mdn.net,4.04191017151,1.82819366455,2.12001800537,1.85012817383
825,826,voicefive.com,4.23812866211,1.76978111267,1.9850730896,1.76620483398
826,827,pancake.cdn-apple.com.akadns.net,4.35209274292,1.84202194214,2.01487541199,1.84392929077
827,828,ib.mookie1.com,4.28986549377,1.74117088318,2.15101242065,1.77001953125
828,829,mc.yandex.ru,4.2200088501,1.84416770935,2.09093093872,1.75499916077
829,830,springserve.com,4.26888465881,1.71303749084,2.05302238464,1.85203552246
830,831,detectportal.firefox.com,4.28700447083,1.75499916077,2.11906433105,1.7569065094
831,832,a.config.skype.com,4.39715385437,1.8298625946,2.10094451904,1.99198722839
832,833,fe3.delivery.mp.microsoft.com,4.18496131897,1.75213813782,2.08616256714,1.82509422302
833,834,dsp.io,4.2519569397,1.75881385803,2.19488143921,1.77407264709
834,835,core.windows.net,4.19211387634,1.80792808533,2.07304954529,1.74903869629
835,836,m.media-amazon.com,4.10008430481,1.84297561646,2.13003158569,1.80292129517
836,837,maps.google.com,4.12583351135,1.81484222412,2.08902359009,1.76405906677
837,838,impdesk.com,4.17613983154,1.78599357605,2.04801559448,1.7077922821
838,839,g2.symcb.com,4.07814979553,1.78503990173,1.9428730011,1.85990333557
839,840,e6.whatsapp.net,4.18400764465,1.88708305359,1.81603431702,1.79100036621
840,841,e7.whatsapp.net,4.09007072449,1.788854599,1.6930103302,1.82819366455
841,842,e4.whatsapp.net,4.2200088501,1.7831325531,1.82795524597,1.73616409302
842,843,alephd.com,4.1298866272,1.88684463501,1.77311897278,1.87087059021
843,844,e16.whatsapp.net,4.1880607605,1.81412696838,1.77502632141,1.77693367004
844,845,e11.whatsapp.net,4.26316261292,1.86896324158,1.82700157166,1.83892250061
845,846,e15.whatsapp.net,4.19116020203,1.85394287109,1.8138885498,1.85179710388
846,847,e8.whatsapp.net,4.29511070251,1.8310546875,1.79195404053,1.71303749084
847,848,e3.whatsapp.net,4.31299209595,1.80292129517,1.8298625946,1.76286697388
848,849,e14.whatsapp.net,4.70805168152,1.96409225464,1.82104110718,1.83701515198
849,850,e10.whatsapp.net,4.31299209595,1.78289413452,1.75189971924,1.8138885498
850,851,e1.whatsapp.net,4.14419174194,1.75404548645,1.74784660339,1.67202949524
851,852,e13.whatsapp.net,4.46486473083,1.8208026886,1.8630027771,1.83701515198
852,853,e12.whatsapp.net,4.71901893616,1.75786018372,1.78098678589,1.78003311157
853,854,e9.whatsapp.net,4.22286987305,1.83796882629,1.82008743286,1.83796882629
854,855,e5.whatsapp.net,4.16111946106,1.76191329956,1.82795524597,1.82795524597
855,856,api.twitter.com,4.23502922058,1.75809860229,1.86085700989,1.74593925476
856,857,e2.whatsapp.net,4.40692901611,1.72805786133,1.74689292908,1.87492370605
857,858,d.adroll.com,4.34184074402,1.72305107117,1.74498558044,1.87206268311
858,859,bsw.digitru.st,4.310131073,2.1710395813,1.84392929077,1.89304351807
859,860,cesna-killswitch.dropbox.com,4.4379234314,1.81889533997,1.73807144165,1.76405906677
860,861,video-ad-stats.googlesyndication.com,4.23192977905,1.93905830383,1.73902511597,1.82414054871
861,862,sfx.ms,4.27389144897,1.86109542847,1.77001953125,1.80196762085
862,863,us-west-1.elb.amazonaws.com,4.27794456482,1.97005271912,1.77192687988,1.87110900879
863,864,globalsign.net,4.2200088501,1.78599357605,1.77979469299,1.82294845581
864,865,crl.globalsign.net,4.29511070251,1.76000595093,1.76501274109,1.83296203613
865,866,pix.impdesk.com,4.15992736816,1.81198120117,1.88803672791,1.90997123718
866,867,ru4.com,4.15396690369,1.76787376404,1.79815292358,1.84607505798
867,868,accounts.youtube.com,4.22692298889,1.88589096069,1.86991691589,2.26306915283
868,869,photos-ugc.l.googleusercontent.com,4.18615341187,1.90591812134,1.77979469299,2.20608711243
869,870,xp1.ru4.com,4.25910949707,1.70397758484,1.71804428101,2.13694572449
870,871,ads.scorecardresearch.com,4.11295890808,1.7569065094,1.82199478149,2.121925354
871,872,ads.flurry.com,4.14490699768,1.81889533997,1.74784660339,2.01797485352
872,873,vidible.tv,4.16302680969,1.76596641541,1.72686576843,2.09188461304
873,874,sslwidget.criteo.com,4.40979003906,1.708984375,1.83200836182,2.05397605896
874,875,metaservices.microsoft.com,4.31799888611,1.76095962524,1.88207626343,1.95097923279
875,876,fls-na.amazon.com,4.2610168457,1.80196762085,1.78098678589,1.94692611694
876,877,oneclient.sfx.ms,4.17804718018,1.71899795532,1.71184539795,1.83296203613
877,878,vk.com,4.1971206665,1.76811218262,1.78384780884,1.88994407654
878,879,mediaplex.com,4.19187545776,1.79290771484,1.7671585083,1.72901153564
879,880,assets.pinterest.com,4.24098968506,1.75499916077,1.82700157166,1.76000595093
880,881,g.akamai.net,4.29201126099,1.77097320557,1.73711776733,1.78194046021
881,882,postrelease.com,4.12893295288,1.73091888428,1.69610977173,1.85108184814
882,883,ytimg.l.google.com,4.27484512329,1.74999237061,1.71303749084,1.77192687988
883,884,ocsp.verisign.com,4.21595573425,1.77502632141,1.80888175964,1.80602073669
884,885,geover-prod.do.dsp.mp.microsoft.com,4.21094894409,1.88994407654,1.75309181213,1.84082984924
885,886,www.bizographics.com,4.2519569397,1.83987617493,1.80912017822,1.80602073669
886,887,cmcm.com,4.28986549377,1.7261505127,1.68704986572,1.86896324158
887,888,otf.msn.com,4.17685508728,1.78194046021,1.78003311157,1.89399719238
888,889,sb.voicefive.com,4.32109832764,1.8150806427,1.80101394653,1.77693367004
889,890,b.config.skype.com,4.29701805115,1.78909301758,1.84607505798,1.99890136719
890,891,eicm-global.dsp.io,4.08506393433,1.72996520996,1.80101394653,1.77884101868
891,892,samsungapps.com,4.20999526978,1.69587135315,1.75094604492,1.79004669189
892,893,e.akamai.net,4.09293174744,1.74784660339,1.85608863831,1.7728805542
893,894,a248.e.akamai.net,4.18710708618,1.75404548645,1.81698799133,1.96695327759
894,895,b.akamai.net,4.2359828949,1.7831325531,1.88493728638,1.75285339355
895,896,adserver.adtechus.com,4.41098213196,1.80792808533,1.87587738037,1.84392929077
896,897,samsung.com,4.28986549377,1.76882743835,1.80697441101,1.85203552246
897,898,sy.eu.angsrvr.com,4.2679309845,1.73115730286,1.80387496948,1.89685821533
898,899,translate.google.com,4.22692298889,1.81007385254,1.80411338806,1.94692611694
899,900,use.typekit.net,4.2130947113,1.91712379456,1.90496444702,1.81317329407
900,901,bfmio.com,4.10389900208,1.90806388855,1.77502632141,1.82795524597
901,902,www.pinterest.com,4.23192977905,1.81102752686,1.85203552246,1.83296203613
902,903,licensing.mp.microsoft.com,4.14395332336,1.74999237061,1.82819366455,1.83892250061
903,904,jadserve.postrelease.com,4.43601608276,1.76596641541,1.76811218262,1.91497802734
904,905,sc-cdn.net,4.36401367188,1.88016891479,1.84893608093,1.81007385254
905,906,sharethis.com,4.34303283691,1.72305107117,1.87206268311,1.83701515198
906,907,mzstatic.com,4.28509712219,1.77621841431,1.75786018372,2.10690498352
907,908,secure.quantserve.com,4.28199768066,1.78599357605,1.76286697388,2.12001800537
908,909,bit.ly,4.38404083252,1.71804428101,1.78003311157,2.08306312561
909,910,semasio.net,4.35900688171,1.79100036621,1.80006027222,2.19583511353
910,911,analytics.rayjump.com,4.33015823364,1.82604789734,1.92499160767,2.14004516602
911,912,tags.mathtag.com,4.27603721619,1.76692008972,1.78909301758,2.03394889832
912,913,infolinks.com,4.14609909058,1.67679786682,1.81293487549,2.11310386658
913,914,eu-u.openx.net,4.3249130249,1.85918807983,1.85012817383,1.92403793335
914,915,fyber.com,4.30297851562,1.68609619141,1.9359588623,1.90401077271
915,916,router.infolinks.com,4.32014465332,1.82104110718,1.87492370605,1.86610221863
916,917,jivox.com,4.19306755066,1.72019004822,1.85203552246,1.76501274109
917,918,officeclient.microsoft.com,4.32085990906,1.8310546875,1.83296203613,1.81984901428
918,919,ksmobile.net,4.34613227844,1.75595283508,1.82414054871,1.74498558044
919,920,shavar.prod.mozaws.net,4.36496734619,1.71804428101,1.90496444702,1.84392929077
920,921,as-sec.casalemedia.com,4.73999977112,1.80792808533,1.74403190613,1.77407264709
921,922,adserver-us.adtech.advertising.com,4.41789627075,1.81579589844,1.75714492798,1.77884101868
922,923,branch.io,4.28104400635,1.81007385254,1.72305107117,1.76095962524
923,924,userreport.com,4.27198410034,1.66797637939,1.82104110718,1.89399719238
924,925,gateway.messenger.live.com,4.23789024353,1.72805786133,1.86395645142,1.83916091919
925,926,v20.vortex-win.data.microsoft.com,4.25100326538,1.82700157166,1.89614295959,1.81794166565
926,927,courier-push-apple.com.akadns.net,4.37092781067,1.84106826782,1.79314613342,1.80506706238
927,928,ct.pinterest.com,4.20999526978,1.74117088318,1.74903869629,1.83701515198
928,929,stats.appsflyer.com,4.2507648468,1.91712379456,1.90591812134,1.91211700439
929,930,blob.core.windows.net,4.47511672974,1.79219245911,1.84488296509,1.83820724487
930,931,c.msn.com,4.30703163147,1.71613693237,1.87110900879,1.81889533997
931,932,msecnd.net,4.25505638123,2.0809173584,1.76191329956,1.85298919678
932,933,sync.extend.tv,4.07481193542,1.63102149963,1.71399116516,1.77192687988
933,934,vo.msecnd.net,4.25314903259,1.78408622742,1.80983543396,1.80506706238
934,935,usc.adserver.snapads.com,4.32801246643,1.77597999573,1.88589096069,1.86991691589
935,936,atwola.com,4.25386428833,1.78980827332,1.72400474548,1.81317329407
936,937,dh.serving-sys.com,4.31799888611,1.79600715637,1.83200836182,1.84488296509
937,938,indexww.com,4.31394577026,1.81293487549,1.89900398254,1.78718566895
938,939,mtalk4.google.com,4.16088104248,1.7671585083,1.89304351807,1.76382064819
939,940,at.atwola.com,4.28104400635,1.72686576843,1.9268989563,1.74307823181
940,941,api.branch.io,4.18519973755,1.80578231812,1.80101394653,1.78694725037
941,942,dmtry.com,4.29606437683,1.70612335205,1.69992446899,1.89304351807
942,943,d.akamai.net,4.24003601074,1.77502632141,2.25901603699,1.85799598694
943,944,0.docs.google.com,4.15992736816,1.91903114319,1.77693367004,1.84321403503
944,945,smartclip.net,4.24098968506,1.81698799133,1.73377990723,1.83796882629
945,946,ads.rubiconproject.com,4.27007675171,1.80196762085,1.82604789734,1.84607505798
946,947,c.2mdn.net,4.15992736816,1.8138885498,1.83701515198,1.91712379456
947,948,myvisualiq.net,4.25291061401,1.70588493347,1.78813934326,1.77097320557
948,949,gssprt.jp,4.39810752869,1.85298919678,1.71589851379,1.76095962524
949,950,cs.gssprt.jp,4.22787666321,1.85990333557,1.77502632141,1.72305107117
950,951,tps.doubleverify.com,4.21380996704,1.75213813782,1.86896324158,1.94597244263
951,952,res.office365.com,4.31513786316,1.82795524597,1.78694725037,1.84321403503
952,953,google.com.br,4.16898727417,1.797914505,2.01010704041,1.78217887878
953,954,cosy.smaato.net,4.29391860962,1.78289413452,2.18296051025,1.797914505
954,955,suggestqueries.google.com,4.51993942261,1.76382064819,2.13503837585,1.8048286438
955,956,adentifi.com,4.13799285889,1.77597999573,2.12502479553,1.91211700439
956,957,time.windows.com,4.18519973755,1.79195404053,1.89995765686,1.85799598694
957,958,sxp.smartclip.net,4.17280197144,1.75404548645,1.91307067871,1.98316574097
958,959,netseer.com,4.09507751465,1.75094604492,1.83582305908,1.84893608093
959,960,adrta.com,4.07195091248,1.82199478149,1.90901756287,1.81603431702
960,961,ad.sxp.smartclip.net,4.19402122498,1.76000595093,1.9109249115,1.82199478149
961,962,wikipedia.org,4.11701202393,1.75094604492,1.92093849182,1.85179710388
962,963,log.dmtry.com,4.08601760864,1.78694725037,1.86586380005,1.86920166016
963,964,netdna-cdn.com,4.1880607605,1.82890892029,1.84893608093,1.82700157166
964,965,pagead2.googleadservices.com,4.32205200195,1.82199478149,1.92594528198,1.82485580444
965,966,fpdownload.macromedia.com,4.3158531189,1.73902511597,1.79600715637,1.81698799133
966,967,abs.twimg.com,4.22096252441,1.76405906677,1.87516212463,1.80292129517
967,968,setup.icloud.com,4.07385826111,1.78813934326,1.94001197815,1.85585021973
968,969,urbanairship.com,4.16803359985,1.74403190613,1.95407867432,1.84202194214
969,970,dmd.metaservices.microsoft.com,4.15205955505,1.77383422852,1.96290016174,1.8630027771
970,971,appex-rf.msn.com,4.30011749268,1.80196762085,1.98292732239,1.83987617493
971,972,aktrack.pubmatic.com,4.36210632324,1.80506706238,1.90877914429,1.87611579895
972,973,ssum.casalemedia.com,4.13393974304,1.71899795532,1.91879272461,1.87301635742
973,974,t.myvisualiq.net,4.27007675171,1.77311897278,1.93190574646,1.96194648743
974,975,gs-loc-new.ls-apple.com.akadns.net,4.0819644928,1.8138885498,1.96504592896,1.98912620544
975,976,a3cloud.net,4.02903556824,1.7991065979,1.89280509949,1.99604034424
976,977,aolcdn.com,4.02998924255,1.65796279907,1.91903114319,1.88994407654
977,978,origin-apple.com.akadns.net,4.28509712219,1.78098678589,1.83987617493,1.97505950928
978,979,apple.news,4.31799888611,1.85704231262,1.89900398254,1.87397003174
979,980,disqus.com,4.22096252441,1.75881385803,1.85608863831,1.87397003174
980,981,use-tor.adsrvr.org,4.13084030151,1.74617767334,1.92880630493,1.88207626343
981,982,pix.us.criteo.net,4.13203239441,1.81198120117,1.88302993774,2.16317176819
982,983,rtb.adentifi.com,4.21094894409,1.78694725037,1.86014175415,2.04515457153
983,984,inmobi.com,4.13990020752,1.68800354004,1.91307067871,1.98197364807
984,985,va.us.criteo.com,4.1561126709,1.78813934326,1.91307067871,2.03919410706
985,986,c.apple.news,4.20999526978,1.78909301758,1.87611579895,1.97291374207
986,987,ci5.googleusercontent.com,4.23097610474,1.80792808533,1.83701515198,1.89709663391
987,988,googlemail.l.google.com,4.01401519775,1.74593925476,1.87802314758,1.95384025574
988,989,outlook.office.com,4.01282310486,1.77097320557,2.032995224,2.09593772888
989,990,flickr.com,3.92699241638,1.75905227661,1.85012817383,1.9109249115
990,991,cf-st.sc-cdn.net,4.03809547424,1.797914505,1.85608863831,1.78599357605
991,992,xp.itunes-apple.com.akadns.net,4.09579277039,1.82700157166,1.86610221863,1.86705589294
992,993,pps.whatsapp.net,3.95488739014,1.75595283508,1.85489654541,1.78790092468
993,994,cmdts.ksmobile.com,4.22310829163,1.75404548645,1.89900398254,1.85418128967
994,995,pr.ybp.yahoo.com,3.91912460327,1.72805786133,1.80506706238,1.85799598694
995,996,adotmob.com,3.87692451477,1.78503990173,1.80506706238,1.94001197815
996,997,g4.akamai.net,3.89695167542,1.71899795532,1.81293487549,1.94001197815
997,998,ci6.googleusercontent.com,3.96084785461,1.77311897278,1.93309783936,1.99198722839
998,999,rfihub.net,3.89981269836,1.74689292908,1.96695327759,1.95097923279
999,1000,ksd.akamaiedge.net,4.28104400635,1.88016891479,1.93190574646,1.94787979126
1000,1001,partners.tremorhub.com,4.28104400635,1.75094604492,1.90901756287,2.00819969177
